user,name,position,repositories,stars,followers,following,contributions
zhaohuan1243,,,3,5,0,16,4
XiangyunHuang,Xiangyun Huang,Beijing,23,630,22,216,369
foonnnnn,KennethPCF,Hong Kong,221,1200,24,263,2
jimmycui,,,3,1,0,2,7
1EvanXu,,,6,0,0,1,28
yeleix,,,0,0,0,1,1
xurz97,Xu Ruozhou,,6,10,0,4,48
buyiwushuang,,,1,0,0,1,2
CuityMiko,崔同洋,,612,1400,20,251,242
Mowuyy,,,3,0,0,1,6
adalucky1234,,,0,0,0,2,1
6u6a,Rogers,"CHENGDU, CHINA",12,0,0,5,13
jackkd,,,2,512,10,40,0
pony007,,,1,7,0,17,2
Anniu1234,,,0,0,0,1,1
easternslope,easternslope,Earth,1,1,0,1,3
ojabe,OJABE JOHN,Sokoto State,1,25,1,12,4
Daltan,Daltan He,"China, Henan",5,16,6,355,34
yeslcj,Changjun Li,"Chengdu, CHN",7,7,1,4,52
ericshen90,Eric Shen,"Hangzhou,CN",20,38,2,41,24
CZhaoYoung,,,1,1,0,1,6
l5oo00,,,46,1600,16,164,54
dupl10,,,12,0,0,6,25
yerkeys,,,3,2,0,3,8
zxc135781,祀画,,46,56,14,20,26
YG-FLUSH,Yoge,,10,80,1,10,7
lxtx021,,,29,239,7,74,12
helinyu,,,112,49,8,71,418
Keithers,,,2,1,0,2,4
tyingbiao,,,2,2,0,4,7
nuwanwickramasingha,,"Avissawella, Sri lLanka",2,0,1,13,3
Cherawn,Jason,,0,1,0,1,1
alfazize,,,1,28,1,17,4
kangkai115,康凯,,12,6,1,5,53
superYLQ,note,,6,3,0,5,16
Cdh66,黑夜梦,jiangsu China,0,1,0,1,1
gaoypChina,,,7,5000,14,251,4
ashutoshmalve,Ashutosh Malve ,"Maharashtra,India .",0,0,0,7,1
TianTianForever,Sirius,,14,40,4,5,202
claude9493,claudezhang,,6,9,0,20,91
CheeseKun786,,,1,1,0,4,2
antiabcdefg,antiabcdefg,,1,2,0,6,2
BigcraftServer,Bigcraft,,12,16,0,15,18
bjc5233,丢了源码的根号四,,56,30,2,6,379
dzwillpower,,,206,830,32,271,2
liangqinwei,,,1,0,0,3,0
TyssenLove,,,69,45,2,14,8
phyj,,,13,2,0,1,7
HardTom,,,6,10,0,3,1
weaver-peeper,Jason,,2,6,0,2,4
Ashwin-Dhakal,Ashwin Dhakal,"Bharatpur, chitwan",9,15,3,23,57
lihengtianxia,,,43,0,5,100,43
yuzhezzz,,,0,0,0,1,1
GeorgePufang,,,2,1,0,1,5
hacker-er,朱锐,,4,108,4,83,7
smashgaps,smashgaps,"Pune, maharashta, India",0,0,2,57,1
GeniusZhang7,,,2,0,0,1,4
1170197998,Stevin,Beijing,53,161,20,28,378
jw575,Jasper,,3,2,0,2,20
KuiperSirius, Ursa Minor,Duskwood,15,46,2,37,96
Giaming,GarminLee,,5,3,0,38,5
Subhashisbarma,,,3,0,2,9,6
jiayu-daemon,热度,,36,9,5,15,42
dyrdyr0803,,,0,0,0,1,1
lesleascott,,,0,0,2,10,1
mengalong,Meng along,Xi'an China,21,1,3,12,131
Zhangjing520,,,31,24,0,12,50
THUSHAAKAR,THUSHAAKAR THUSHAA,,19,358,10,38,29
jxljf,lijianfeng,beijing,101,118,8,114,17
hillmychen,,,2,0,0,3,9
jjyzcgl,ouxh,,3,6,0,1,5
Max010230,邬星星,,1,7,0,3,7
zc3945,,,2,9,0,4,8
codeRiding,,ChongQing,262,12,1,60,111
haozimao,haozi,chengdu,6,4,0,12,42
VinceJHQ,Vince,"China,Zhengzhou",1,0,1,3,1
SidneyLee2997,,,1,8,0,17,0
duoy,,,0,1,0,1,1
WangJiemin,A LOSER,,8,0,4,122,29
wShaoz,szwu,,1,3,1,5,1
HobaiRiku,HobaiRiku,广西 南宁,9,57,3,5,102
winston-zheng,,,3,6,12,15,3
smarthkb,,,0,7,0,3,1
Yanethan,,,5,2,1,4,26
thelou1s,Luis,,116,439,18,222,82
zongkelong,宗可龙,"Bei jing,China",96,67,5,7,20
DengQilong,bigfanofloT,China,24,162,0,9,57
gitmannor,,,1,0,0,1,4
yxin89,,,0,0,0,1,1
DemoJ,,,0,2,0,1,0
RobinCZW,Robin,,11,9,5,42,21
ssdr,Damian,CHINA,27,472,19,208,5
Amit3200,Amit Singh Sansoya,,15,2,1,8,46
wahchi,WahchiYu,Guangzhou,10,31,5,33,17
feidie436,,,2,9,1,97,11
AliceWoooo,Alice Wu,"Edinburgh, UK",5,6,0,4,165
AndyFlower,桑丽平,,24,0,1,4,161
linyuanbin,AaronLin,jilin,39,11,8,30,44
indrajithbandara,Indrajith Bandara,"Diyathalawa, Sri Lanaka",30,225,68,1100,30
francohandel,,,0,0,0,1,1
mooyyu,mooyyu,,1,1,0,5,57
bhaltair,bhaltair,CHINA,26,482,7,75,192
daosanjiao,,,16,5,2,7,6
gesongzhe,walker,,2,3,0,2,4
finyaci,,,3,1,0,4,179
cdplusLIU,,,2,0,1,2,0
DaivdLei,,,4,38,1,3,22
pgmerx,,,2,2,0,5,9
TheWinding,Yi Wang,,13,115,22,111,532
gongtengxinyimaolilan,,,0,15,0,2,1
Major01,Major_,中国重庆,3,7,0,22,58
chenxiaojun,Ricky,,48,153,5,17,1693
longjianjiang,,,21,4,4,55,200
oneing,oneing,"Fuzhou,China",4,1,2,9,16
flyonok,freedom,,55,306,9,71,29
lovexleif,,,10,9,1,6,109
FancyKings,FancyKing,,12,10,0,2,20
zhazha6,,,0,9,0,3,0
BabyMelvin,Melvin,shanghai,74,107,4,21,85
harekrishnamahto9872,HAREKRISHNA MAHTO,"Jalandhar, India",4,0,0,5,16
congliu0704,Cong Liu,,12,213,3,83,16
tangdakai,Tang Da Kai,,2,22,0,12,4
wangzihan424,,,7,7,0,2,22
Evil-cuit,,,0,0,0,1,0
mengxinxiaobai,,,1,0,0,1,7
wei1123,,,0,0,0,1,1
AidySun,,Beijing,13,187,11,83,165
qunwang6,,,216,533,5,49,50
houzhy,Zhyan Hou,,7,5,0,1,14
ilovesport,,,1,0,0,2,0
kuangyi00,,,0,0,0,1,1
fred-jie,fred-jie,,17,4,0,3,69
fredweb,George Santos ,Salvador  Bahia,30,51,30,224,9
dashgen,清风抚柳,Beijing ,3,28,0,5,21
li96,,,0,1,0,1,1
testtz,,,35,1,0,3,36
blueskyxzy,,,17,30,0,3,5
young1293,,,2,0,1,159,3
ore-lingyu,ore-ling,,2,49,0,44,3
yizihan,,,5,76,0,15,287
XXIANGZ,XXIANGZ,,1,0,0,3,3
ismaelchaquir,,,1,3,0,21,1
himankiw,,,0,1,0,1,0
Yuandiaodiaodiao,苑,中国 青岛,3,9,1,2,20
xizheng,SMITH,SH,8,416,8,25,5
George-fu,George,chengdu,5,4,1,3,17
cutybear,,,0,0,0,2,1
luodeCoding,,,3,20,0,6,16
pfctluke,Luke Sun,China,30,40,3,4,23
Jailman,Jailman,Beijing China,18,775,12,19,26
duugi,,,9,52,2,10,0
cannycophp,cannyco,"hangzhou,china",3,69,4,52,11
sluolct,,,1,1100,16,250,1
Findurname,,,4,5,0,2,5
luozhang002,Albert Luo,HangZhou,95,4,0,21,56
changht,,,1,3,0,3,3
UESBTC,Hotdog,"Chengdu,China",1,0,0,1,6
Georgeliang,,,49,42,3,47,7
Mephisto03,无聊的子木君,,7,0,1,19,21
HyetPang,HyetPang,"Chengdu,China",3,30,4,5,6
yzdx0000,wind.wang,天津,3,4,0,2,6
liang171,浪哩个亮,,0,1,0,1,2
linesed,,,10,35,1,116,11
Naylor55,陈浩楠,北京市,29,54,3,29,32
pysrc,L.Chen,,6,23,1,2,354
liyanfeng,liyanfeng,China,19,0,1,3,1
EricYangXD,EricYang,"Shanghai, China",29,123,2,15,166
yueerfish,,,0,3,0,3,1
duenyang,En Yang Du,China,5,68,2,3,155
KIM7AZEN,,,0,12,0,3,0
XLZH,Xiaolong Zhang,,10,4,2,2,75
xiaoluolorn,Chaoyang Luo,Beijing，China,2,1,0,6,14
salmanli,Assassin,,2,1,0,5,3
sexysmallmonkey,SexySmallMonkey,,1,0,0,2,0
sitefortest,,,7,5,16,484,10
mirguest,Tao Lin,Beijing,46,2600,56,555,92
liuzhengtx,,,1,0,0,1,3
qinanhg,,,4,3,2,2,2
rujinshi,rujin_shi,Shanghai China,4,10,0,15,201
BlackSpadeJack,阿瑟兰,北京,20,7,1,20,13
laoguan0420,,,7,1,0,6,17
StriveToOne,,,0,0,0,1,1
alehanderi,,,1,2,0,18,1
wangsha0,,,12,5,2,13,81
qwertyuiop6,Shadow,,24,112,6,25,87
GFigure,東飛,,1,3,0,2,109
ZexiFangkong,Jersey,深圳,21,100,2,22,23
vipmorgana,,,7,5,1,9,24
smilebin818,smile,,5,12,3,2,96
jimmybasketball,,Chongqin,7,0,0,3,33
LingyunXie,,,1,0,1,2,0
zjrnhg,嘿仙,,0,1,0,1,0
xushengxian,,,2,11,0,4,3
freelighting,,,1,12,0,36,2
royswale,,,83,1100,18,359,125
dragon-yuan,dragon,"China, Bei Jing",13,93,15,40,3991
Carterslam,Carter,"Chengdu,China",3,0,0,1,0
geyuxi,Yuxi Ge,Shanghai,6,3,0,4,41
lds250250,多云,,2,2,0,2,59
AngelaaChan,,,0,0,0,1,1
AlexMaxMiao,,,0,1,0,1,1
Charles-Lau-,,,41,137,13,11,68
jhy616415267,HYJia,,23,7,4,24,19
null-point-exception,ys,,10,5,1,7,8
SirGeraint,,,1,0,0,1,2
heiye007,heiye007,,25,2000,35,600,44
LQ6H,LQ6H,,1,0,0,1,3
swiiQAQ,,,14,16,1,9,169
524454557,,,0,7,0,1,1
MArslanQadri,,,1,0,0,4,6
KevinSgun,,,5,354,3,10,12
Chobca,,,1,2,0,2,2
Jax-Chen,Chen,,6,2,0,1,145
kevins1022,ning1022,Tianjin China,168,423,20,157,25
niuLang,,,6,3,0,3,7
zsxmatthew,,,4,0,0,1,7
jianfan0709,QuickPy,,6,8,0,4,20
indusvalley1,Indus Valley,"1223, Ansal Tower, Nehru Place  New Delhi-110019, India",1,6,0,9,4
imzhaopeng,zhao,,13,4,1,3,23
rex0yt,Yin,,3,3,2,2,87
tyViroth,,,10,1,0,64,49
zhangjinchun,Jinchun Zhang,,2,5,0,1,1
clarence-b,,,3,1,1,4,2
edwardljh,,,5,6,2,23,6
hlyatb,,,0,0,0,1,1
peakrock,Yasser (Zhang Yousong),Beijing,62,22,0,2,13
lwpk110,,,32,32,6,6,48
XTpeeps,xuteng zhang,shanghai,3,185,3,57,271
zehuaiWANG,ZeHuaiWang,"ShenZhen,China",17,12,14,17,145
vincentjwei,vincent wei,广州(GuangZhou),2,31,0,8,3
Suera,,,1,1,0,1,1
maitiantian,麦天天,China,5,11,0,1,74
fxzzq,xzq,四川省成都市,23,2,4,18,93
Qznan,,,12,44,1,9,53
huangjuanqunian,,,0,0,0,1,1
T5engMBZ,,,3,2,0,4,1
giesrjing,,,1,15,0,10,0
JQJoe,乔俊轩,Shanghai. China,92,153,2,5,45
linmm24,Ashawl,,3,17,0,12,21
ylel,ylel,,3,0,0,6,39
zjr6010528,,,0,0,0,1,1
menglingqian0218,孟令仟,北漂,1,0,0,4,6
xuefu,xuefu,changsha,24,112,14,99,24
xyching,,,6,8,0,1,0
flybeta1988,,,6,3,0,6,3
GangZhang,Gang Zhang,Suzhou,9,30,0,3,23
mishKkhumalo,,,1,0,0,8,3
iunfire,iunfire,,9,264,8,27,25
superbitch81,,,1,114,3,16,5
Sylvia128,Sylvia,,1,0,0,1,6
ruckchai717,,,2,1,0,14,5
SeekerGAO,JG_BOY,,7,48,1,15,46
EmotionalRonanyg,Ronan,,90,172,3,28,107
codingLv,,,42,17,1,47,45
domald,,,2,28,1,28,3
aojueliuyun,Tiko.T,,7,7,1,5,124
askar882,askar882,,5,25,0,12,5
likaiqianqingjiaoxingwo,,,1,0,0,1,2
hsy124,,,2,1,0,1,7
Rholais,Rholais Lii,,39,107,38,156,257
TakaSoap,,,0,0,0,1,1
thatman6666,徐江西,遗传,2,2,2,3,1
dongaccount,,,0,0,0,2,1
wowenwen,,,24,124,5,52,15
BradyZhao,BradyZhao,,1,1,0,2,2
vanshu,Van Shu,NUSA PENIDA,9,406,6,52,26
Gaitman,盖特曼,"Shanghai, China",5,0,0,3,8
tinyarrow,,,0,2,0,7,0
gouchy,,,3,15,0,2,0
KevinZhanyang,,,1,1,0,1,7
Ilathon,Ilathon,,2,8,0,3,4
manishkmrs,,,1,0,0,9,4
RuanYue,,,0,0,0,1,0
colin-zhang,Colin Zhang,Beijing,114,324,9,40,102
donaldcao,,,47,179,10,37,2
YSBF,,,32,14,0,5,32
yoyowhite,,,0,24,0,7,1
chenzhy,Bozhang Chen,,7,1,1,4,6
cosweebt,,,1,1,0,1,1
DevilFeel,,,16,20,0,1,1
kappa0517,Yan,China,7,1,0,1,9
971113,红尘,,10,2,2,11,13
pengs,喜欢就好,,3,4,0,10,4
MarkWuCL,,,5,19,1,23,4
kinfeitwong,,,4,2,0,2,7
sanshengshi,,,21,141,4,91,7
YoungWenMing,,,0,0,0,1,1
Power-King,,,2,0,0,1,5
TaylorBoy,Taylor Boy,,19,11,0,9,93
Aarthas,shenyiice,ningbo china,15,324,6,14,296
hangj,Bob,,13,19,3,10,14
JokerWhy233,,,41,15,0,16,42
Lei17,,,1,0,0,3,2
haoxinlv,,,14,37,1,2,25
zheng35,,,0,0,0,1,1
diwugebingren,,,1,1,0,2,11
liunx-jun,,,2,0,0,1,4
hncsjj,,,17,19,0,5,19
choloe,,,0,2,0,1,1
lingkeyang,Kris Zhang,,316,371,2,35,157
wheatMr,,,46,0,0,9,43
HugeCrack,,,2,3,0,1,6
whoamirot,,,0,0,0,1,1
May-226,,,2,1,0,1,7
MerleLiuKun,刘坤,,19,45,1,8,131
xiaoqian19940510,,,9,8,0,14,146
fromUse,conykais,,54,6,0,3,34
calabashdoll,leo,"Peking,China",3,420,11,141,45
garyjia,,,0,0,0,1,0
yugaoqing,余告青,,46,4,5,7,15
Linbubin,,,26,131,6,81,114
Chen-YQ,,,5,0,0,2,20
907597029,lixilin,,4,0,0,3,16
YZKSXD,顾遇安,郑州,2,1,0,1,3
re4boot,Jetty,China,15,18,1,26,16
jiangsir404,Rivir,,12,69,26,53,92
BangShinChul,Bang shin chul,,6,39,0,1,13
liyoushihaer,,,15,4,0,2,5
Hibiscus94,,,17,11,0,7,21
winboy1988,Winsonguo,Beijing,44,10,4,67,38
wshsss,,,0,1,0,1,1
BarryCode,,,9,28,0,2,9
hanseyuan,,,12,8,2,10,39
scenerysong,,,0,0,0,3,0
Jeblqr,,,2,4,0,1,18
typhooon,,,0,0,0,2,2
lunima618,,,16,20,1,10,10
xueyinjun,,,2,2,0,1,2
toddahoffman,,,1,5,0,10,5
bingfengwangzuo,PG,,2,7,4,20,1
Raivien,RayCheung,,59,6,1,10,58
472763693,Edifier,,33,3,19,209,75
chengyongbo,,,2,0,0,6,4
linyuanli,Maxwell1873,,1,0,0,5,6
Amblizer,Gatsby00,Mainframe,66,31,4,79,191
AmazingBaihua,,,1,0,0,2,0
ericsy86,,,1,0,0,1,2
gentlyj,ifading,,4,73,3,18,8
Lzg978889419,,,2,3,0,1,3
acrofrank,Frank,,21,107,27,139,33
loyalyonggang,Yonggang Chi,JiangSu.China,63,16,1,14,198
KlausHao,,,1,0,0,6,0
Sakura1124,,,2,3,0,11,20
rainbowjlinux,rainbow,,14,32,1,3,119
mitoop,Mitoop,Zhengzhou,8,322,10,50,20
Davelyb,,,2,1,0,1,5
imweijh,weijh,"ShenZhen, China",13,288,2,31,27
BenjaminCHEN2016,Benjamin CHEN,"Shanghai, China",9,98,11,48,190
Leesoar,Leesoar,,2,0,0,1,5
Mrhellow,,,1,0,1,6,2
friend-ma,friend-ma,Guangzhou,4,7,2,8,10
f1tz,Agent Fitz ;-),"Shanghai , China",21,7,0,3,28
liufaaan,,,13,2,0,1,15
gera2ld,Gerald,"Hangzhou, China",59,659,111,28,1520
cameled,cameled,,2,34,3,10,11
haiyangmin,Wangjun Yang,Tallinn ,4,0,2,174,32
superlagrange,lizhengen,,0,1,0,1,1
ghostridersuperm,,,0,10,1,5,1
CodeNewman,姜忠良,Beijing,14,160,6,20,49
Starryxu,xuyaguang,,242,5,7,413,113
tibic,LiuHe,,54,19,4,50,19
jackhman,,,51,283,10,33,52
StrongerQ,,,3,0,0,1,74
gavin2010,,,9,21,1,3,24
yelvlab,,,8,14,1,6,52
aszt,童重远,,18,0,1,6,86
SeauWong,CUWong,"Hangzhou, Zhejiang Province",4,0,0,4,13
zision,周子健,"北京Beijing, China",6,2,1,5,69
diliburong,,shanghai,12,187,0,22,102
zhuyongit,zeno,changsha,23,1100,24,52,33
fabe2ry,,,4,12,7,24,36
iJasonY,JasonY,China,166,885,10,80,17
cccyf,,Nanjing,12,32,13,26,99
sunchuan8280,,,4,6,3,8,0
haikelei,,,16,78,0,7,107
Beprominent,ceasor,"shenyang,China",18,43,3,27,57
godsmelling,周大侠,,3,7,1,10,6
sdfvbn123,,,2,9,0,10,1
maeengreso,,,0,2,1,10,1
erialin,,,0,0,0,1,1
mega16,mega16,"Chengdu City, Sichuan province China",42,5,0,1,16
Chenduoru,,,1,10,1,3,17
shanezhiu,shane,"Beijing,China",39,710,19,160,241
AIAmber,,,23,14,0,1,88
ChangeWorldByCoding,gmg,,46,113,3,85,213
Khan03,Inayathullah Khan,Hyderabad,1,0,0,2,0
zj2626,zj2626,,9,14,0,1,557
how0723,Jacky,,2,25,0,7,13
Psyki,,,1,8,0,9,2
maoling,毛蛤丝,Beijing,57,175,16,218,113
chenyang777,,,0,0,0,1,1
he19920226he,员帅,,2,103,1,24,9
incliff,wang yanbian,,9,7,0,7,12
dashanshan,xueshan,,2,0,0,5,12
andyqee,Yee,Shanghai,92,817,30,135,3
Ajianlin,,,0,0,0,1,1
ZeroJsus,ZeroJsus,四川省成都市,3,62,1,10,30
ForBalance,超人气陈小栋,,1,0,0,1,2
xuqisheng,andy,Hang Zhou,103,576,15,246,80
zhengpingwu,Grass,,2,5,1,2,0
Man-Darava,,,0,0,0,1,1
XGHeaven,Bradley Xu,Weifang Shandong China,79,631,34,90,184
peijieking,,,1,12,0,4,0
zsmountain,,,4,6,3,4,244
QianChia,仟,Beijing,95,1,12,49,73
qianxingW,,beijing,6,6,1,7,12
thomasguo2011,,,7,1,0,4,15
Ronshaoshu,,,3,2,0,3,46
songguohfut,songguo,,27,362,4,38,20
hubeiwei,胡倍玮,,8,87,17,17,111
EdisonYJC1994,Endison_YJC,"Suzhou,China",2,0,0,2,10
controlFate,LingYunZz,,46,10,0,7,49
happynessTony,Tony,,0,56,0,1,5
swjmy,jmy,,12,27,0,12,12
lean426,lean426,china,6,2,0,1,9
wuyangLife,,,5,0,0,1,2
xinlc,Xin LiChao,"Dalian,China",25,289,4,83,117
594884756,ZhouZZ,,1,15,0,2,1
seasonluowx,,,5,5,1,3,8
BuffaloKuang,,,2,9,0,12,1
tangwenixng,slim-teaegg,,14,44,2,19,36
rrzeng,,,0,0,0,5,1
doublezjia,zealous,,13,3,0,5,143
MrLeion,汤增雷,Shanghai,54,340,63,88,104
AndyJMR,,,12,32,1,10,0
pengpengyoung,,,0,8,0,8,1
MarkMyk,,,1,1,0,1,3
SuperCcKai,PangKai,"ShenYang,LiaoNing",14,10,3,21,36
Inzaghi2012,,,283,30,12,181,24
hopeful-hgf,黄高锋,,16,7,2,21,130
wenyidao,,,10,2,0,10,13
Max-Lee1993,Max Lee,"xi'an,shaanxi,China",9,2,11,20,50
tuot,妥妥,China,3,39,2,14,3
intentto,fengzhihui,,2,149,4,16,21
Adwardsnow,,南京,7,1,0,3,17
LYU1860,,,0,0,0,1,1
di3goleite,Diego Leite,Brazil,63,1800,160,1300,235
moonproto,,,1,0,0,7,2
Mingmingge,Mingmingge,杭州-HDU,5,10,3,23,350
herryzhang,,,3,2,0,18,2
195440,,,35,40,2,9,49
t1nana,,,0,0,0,1,1
mornlee,mornlee,,30,546,8,124,13
763077374,,,6,70,1,137,42
angellim81,LIM CHEE HOW,selangor ,0,599,3,14,2
frozentearz,frazier,"Xiangtan, China",20,48,3,19,116
Franktian,Yawen Tian,Toronto,23,41,9,18,10
DukeSaika,Duke,,0,0,0,1,1
CloudyGreen,,,1,0,0,1,2
Paulguitar,章鱼哥,shanghai,0,0,0,1,1
zhuangrunbo,,,4,2,0,8,61
franlock,,,0,0,0,1,0
iconsider,liuzhenxing ,China,18,2,2,15,227
Nick-Zzz,,,2,0,0,2,7
Next123,JK,,10,50,0,2,16
xiao233ming,,guangzhou China,41,32,4,75,41
TerryGu0908,,,5,0,0,2,6
afeiluo,,,17,62,3,4,20
thinkpad999000,,,1,0,0,1,4
hanc44,,,1,0,0,1,3
AnthonyDou,Shaojun Dou,"Beijing, China",38,468,7,66,22
he1l0world,陈苏扬,china,17,31,13,32,88
DeepBlueStory,Ning Li,,9,2,0,1,29
zilongchina,,,1,2,0,1,0
tao31,,,12,14,0,5,12
bryant-shuai,,,31,17,1,14,50
dreamfish797,AndroidMan,Nanjing . China ,36,77,8,18,213
Chakid,Chakid,China,23,8,6,33,52
zhentoufei,Mr.Finger,Nanjing,45,130,9,38,612
wanglelecn,Lele Wang,China,3,0,6,105,4
cristinast,GeGe Wang,,12,23,8,8,8
Tandysony,Tandy S. Tan,"Montreal, Quebec, Canada",19,52,6,51,428
glutouny,,,0,0,0,1,1
Hao-D,,,5,1,0,3,0
wanjinchang,,,1500,110,6,14,104
tw0629,飘逸小天 ,Beijing,55,130,0,36,122
ZouHongxue,邹洪学,烟台大学,16,1,3,4,46
1998925sk,sk925,,4,2,0,3,3
koudaiDemon,koudaiDemon,武汉,6,0,0,5,29
wuwei88,wuwei,,1,0,2,7,5
KeKangShui,,,15,3,0,8,25
sixbo,狼的传说,,4,0,1,1,31
Golden-Mountain-King,Shady,,6,14,0,6,188
StaticGetter,wenruo,,56,84,0,23,56
licangqiong,Caoyuan Li,,25,46,6,94,12
tktujy,,,1,296,0,7,0
QichangZhang,,,1,1,0,16,2
Wykay-z,Wykay,,21,114,5,51,101
diaotongt,CindyCloud,China,4,3,0,1,22
coooliang,Lion,fuzhou fujian china,14,63,3,11,12
nananbest,annan,,1,0,0,2,2
zhaoyk1986,,,0,1,0,57,0
zhongjidalao,薛定谔的猫,,23,34,5,27,123
zsbyEric,,,0,2,0,1,1
Lenhartluo,,,0,0,0,2,1
XTCui,,,5,18,0,3,29
viking714,viking zhang,Shenyang China,11,1,1,4,6
softanemone,,,1,0,0,2,0
cdxdpeng,,,1,0,0,1,3
xiangsxuan,treesw,,8,49,6,21,12
Restill,,,18,4,0,6,44
kedarui,,,28,33,1,2,33
DingjZhang,Civilization,Hefei Anhui China,7,19,3,15,5
zrh66,Hakunamatata、,,3,2,0,2,33
LoveCoati,,,23,6,1,4,32
VictorZG33,Wentao Zhang,"New York, NY",0,1,1,12,1
dreamthrough,,beijing,34,7,1,4,1
WangCanglong,,,1,0,0,1,2
xinmingZhou,周信明,shenzhen,4,35,7,26,43
upcomingxx,tianjiayuan,Beijing,39,3,0,5,20
iloyu,,,13,6,0,4,15
MachelleZhang,,,9,34,2,6,18
Garfiebobo,,,10,34,0,13,6
o0O0oLGL,,,0,1,0,1,1
mizhon,little.arbor,China,1,289,8,58,0
daoying1994,Ren,深圳,7,0,4,2,84
hlfff,韩龙飞,Beijing，china,2,15,5,9,22
Unknown2016,无名,,2,200,0,28,0
xiphodon,Guo Chang,,127,179,14,18,198
juhao666,,,1,1,1,6,2
lxiaoxiang,luoxiaoxiang,,1,10,4,21,10
wwwyccc,,,0,3,0,49,0
miscentity,miscentity,"Chengdu,China",2,59,3,24,1
BigTreei,BigTreei,Shenzhen,15,8,1,6,58
yjg2014,Jiangang Yang,,3,756,5,123,1
Clivn,dodilee,,4,10,4,13,6
zyMao,,,6,5,0,1,6
Hibop,Hibop Yuan,"Shenzhen, China",42,20,1,24,134
xuehongnizhao,,,23,10,0,21,16
fan-haobai,Haobai Fan,China,38,267,17,64,315
haige268,,,0,2,0,5,1
LBJ-Software,,,0,1,0,1,1
ThinkNothing,,,1,0,0,2,3
Yan1015,,,1,0,0,1,2
bberrydry,bb.dry,,2,57,2,8,4
happybin92,,,12,6,0,4,1
ZooEver,,,0,0,0,4,1
hollisli,Hollis Li,"Beijing, China",3,25,4,24,47
OnlyCastiel,,,6,9,0,2,17
sxyseo,,ShenZhen,416,567,36,539,165
LinnilNi,,,1,272,0,13,2
weijieren,,,2,0,0,1,4
cyl1231,zhongming,beijing,18,0,0,1,7
bosslizhiyong,小城屠夫,,7,0,0,2,12
BIGBird1994,xiaotao,beijin,5,8,5,97,14
JiaHaoGong,,,40,5,1,6,32
xsy2015,,,4,26,0,16,6
wning8258,,,14,30,4,26,10
TalissonQueiroz,,,3,0,0,8,14
machengjun,,,3,0,0,2,1
919900590,,,21,9,1,26,24
realcici999,,,1,0,0,3,2
liyuenan93,Maxwell Li,HangZhou,3,7,3,7,8
YangShaoXiong,杨少雄,HeBei China,6,2200,48,285,10
guzhaohui,顾朝辉,,0,417,6,10,1
David2685,,,10,7,0,8,16
winberl,,,5,5,0,2,11
yashcao,曹小帅,Beijing，China ,10,7,1,5,64
kingshiplet,,,0,1,0,6,3
RobinHC,,,62,0,0,2,62
datalee,,,12,356,4,99,18
youaremybean,liwenbin,china,5,1,0,5,9
HiWill,,,70,997,14,285,37
liqing201104,,,40,140,4,24,14
zgfcode,ATEN,China,6,64,4,12,32
abaoMAO,,,6,1,0,1,8
zzllhc,,,6,27,2,73,4
jiangbing9293,jiangbing,guangzhou,136,22,4,41,13
PackyXu,PackyXu,,30,327,8,29,56
realMiga,,,6,2,0,5,22
fangxiaogang,fangxiaogang,shenzhen,19,218,5,7,79
Zachary-ding,Zachary-ding,,1,0,0,3,2
penguin-wwy,penguin-wwy,北京,25,76,23,85,42
Kevintso,,,6,4,0,1,6
52unique,,,1,0,0,1,2
Hyzxshyx,Han,,9,3,1,6,11
hackerchai,柴轶晟,Shenyang Liaoning China,28,42,16,22,23
tai-jexia,,,0,0,0,12,1
wqc1235,Wang,,3,1,0,1,10
AlexShenzy,Alex Shen,,2,0,0,1,9
rhyspang,Rhys Pang,Beijing,25,78,14,18,26
DoubleKing,doubleking,Beijing,7,0,4,8,67
alexjianglj,,,9,0,0,2,10
youyuanjingmeng,,"China,XiAn",5,3,0,10,10
cuteqin,cuteqin,,8,2,1,5,19
Mini256,Mini256,China,5,25,1,7,10
sjwang6,sjwang6,HeFei in China,1,0,0,2,2
Xoin-Yang,Yangss,Shanghai.China,15,4,2,9,63
xqwz,Qi sun,,4,5,1,4,1
coderchaser,bobliao,"Shanghai, China",17,31,2,23,189
myxinq,,,5,4,1,3,12
tasktinkle,Sheng Li,"Beijing, China",0,1800,15,102,0
jingchangyong,,,3,1,4,36,3
zhouSUway,周苏辉,上海,10,115,1,14,25
AndyZhuang,AndyZ,,258,192,20,293,145
sjxt,时间小偷,,3,131,23,116,11
JGPY,莱宝,Hangzhou-China,6,4,1,10,30
1websterjunior,,,1,6,0,11,4
CODINGLFQ,Frank Liu,"Hangzhou, China",48,30,3,64,253
Donugh,Donugh,china,3,0,0,1,10
carlzhao,Carl,Shenzhen,47,277,7,130,3
lishucai,,,20,2,0,37,25
Josephdunkey,,,1,0,0,2,2
BeanWei,,,4,0,0,3,9
hjqnorthsailor,,,8,3,0,1,29
lmhfq,LiMinghua,,15,155,3,14,39
iqkl,,,17,1,1,3,2
zcc24,,,1,0,0,2,6
shizhenhua01,,,4,1,1,2,4
lotosbin,lotosbin,lianyungang,256,515,16,47,251
LIShuHang1,李舒航-2015,河北师范大学,7,10,4,5,146
Arthurworker,,,1,2,0,9,3
frankiezz09,Franklin Mark Aguba,Philippines,9,2,2,14,11
ChineseSuperman,,,0,3,0,2,1
Iamasoldier6,ZeBron Swyane,"Shanghai, China",14,94,54,405,309
idongchen,,,9,8,5,4,27
Yinqien,,,0,0,0,1,0
stevekamotho,,,0,1,1,11,1
tianchenxingzi,,,8,29,2,7,269
muzi-8,muzi-8,北京,34,235,10,169,106
lvxiaodongweb,Lv Xiaodong,,10,4,2,49,25
cyclezhou,,,10,1,0,2,11
llllaw,,,6,4,0,1,40
XUMUYU,JoeXu,,6,3,0,3,8
hu-qi,huqi,Guangzhou CHN,24,118,9,67,292
zx2693675,周祥,,3,5,1,3,8
yinmaoning55,碎碎念,,2,1,2,4,3
zomath,Zzmath,,4,2,0,6,8
TABOO55,,,3,3,0,6,5
mnshun,Mai,beijing,2,5,0,6,6
Sonyong,,,2,2,0,1,1
zhangshichuan,张仕传,"Chengdu, China",10,125,10,12,182
mengyagit,Front-end-summary,Shenzhen,7,1,0,4,94
renewan,,,0,0,0,1,1
PikuYoake,,,18,14,5,20,30
haxiaowei334,haxiaowei,,12,351,8,57,4
sctop,Mr. Zhang(Zhang qirun),,14,8,1,9,51
chen615,,,9,142,2,11,3
15713772418,活到老学到老,,2,1,0,2,6
0chunhui,,,16,6,3,12,15
ZcZhaoGitHub,,,5,0,0,5,22
Yuamo,Yumao,"Xi'an, China",67,249,3,31,145
dongrixinyu,冬日新雨,"Sichuan, Chengdu, China",1,0,0,7,6
dikang123,dikang123,HangZhou,180,158,2,169,118
jigangzhang,,,3,0,0,2,28
XueChenChen,chenxuechen,,43,31,1,34,113
LiangMaYong,Liang Ma Yong,HangZhou China,40,100,11,12,134
YaliDuan,夏目,,1,1,0,1,2
DemmiCho,DemmiCho,shenzhen,16,0,1,29,30
jieniyimiao,jieniyimiao,"Xi'an,China",10,0,4,8,17
jiaxinxuan,贾新轩,,12,68,9,32,114
Zhangjiayu3721,ZhangJiayu,,9,0,3,1,10
liyuanpei0718,,,0,0,0,1,1
L3T,zyy,,5,16,7,24,5
big2stone,bbigstone,"seoul,korea",0,2,0,2,1
sparkhuu,sparkhuu,,143,251,8,80,94
zhangyujia0223,hands-on,,1,0,0,6,7
SachieWang,,,1,1,2,7,5
qinjuan,,,18,6,0,11,4
jiangshanlong,,,6,7,0,1,7
Tailen,,,1,4,0,1,1
bulande,,,1,0,0,1,2
yoda23,,,4,1,0,1,9
AtWinner,Hu,"JiNan, China",35,19,2,20,60
walterzhaoJR,walterzhao,shenzhen,50,12,10,12,241
GuangshanWen,wengs,,39,70,2,108,27
arbegla,,,5,4,0,2,0
chji0ng,,,9,12,0,1,9
HotWordland,WL,China,31,1300,37,140,49
ByronGe,,,3,1,0,9,12
xbt18795959581,,,8,81,5,8,1
huangym2015,,,10,0,0,3,6
coder-monkeys,Wenlong Zhang,北京,5,4,0,5,3
Qiu-Kejian,,,3,7,0,2,2
chenqiyi,chenqiyi,,121,345,27,77,0
anson310,銀子づ,"Changzhou, Jiangsu, CN",2,0,0,3,7
shuanglangdeliubei,shuanglangdeliubei,NanJin,10,2,0,9,18
ZhengJunX,,,1,5,0,2,2
lwy7e,,,1,0,0,1,2
freezehe,JiebingHe,Shanghai .China,57,40,4,8,62
WongCM,,,12,64,1,2,12
Harwy,,,1,0,1,3,0
carboncoo,CarbonCoo,,4,10,5,15,69
qinglong61,duan yu,china,45,597,10,55,7
Betweenwords,,,1,0,0,1,0
Leon0312,leon.z,,29,6,3,8,39
aifisher,,beijing,8,76,7,29,55
185086074,,,0,3,0,1,1
sonicsunsky,,,26,47,2,65,38
staugur,Mr.tao,Beijing China,22,255,148,234,615
langmanxch,,,25,242,3,44,6
Weltloose,,,0,0,0,1,1
liubin1777,Robin,shanghai,246,1800,26,224,67
xxnyufengzhe,,,1,0,0,7,10
beehash,,,0,0,0,4,1
ckkcoder,Kevin ken,,4,21,0,19,57
wadekun,Jack Liang,,65,501,9,47,64
sunwantong,Leessang_sun,,4,17,1,5,9
Windsander,willow.li,"China, BeiJing",7,81,11,13,31
StephenHolmesGo,,,2,4,1,6,9
ywanb3,,,5,33,4,20,11
vikingden8,Viking Den,ShenZhen,27,54,4,142,910
StormZang,StormZang,济南,1,4,0,4,3
luofengyeer,,,2,69,0,1,3
wanshicheng,万仕诚,Wuhan,16,10,5,68,203
NeverSayFuck,sniper-lee,,0,1,0,1,1
biaomaxingkong,Steven Ma,China,4,2,2,2,2
cooldo,,,4,12,1,5,9
maytrue,guowei,Beijing,113,138,8,47,25
cbhcbhcbh,,,3,2,0,10,30
gujiangbo,,,10,300,7,103,13
xdql,,,5,0,0,3,16
tuyendv2,Tuyen Dinh,Viet Nam,2,559,9,42,1609
cleverbao,bao,,1,146,5,24,26
keefo,Xu Lian,Vancouver,102,201,356,82,3
canglangdahai,沧浪大海,Wuhan,2,0,0,4,16
newcoderzhang,,,200,193,5,36,76
sakuya9t,,,17,2,0,3,21
nancybaby002,nancybaby002,"China,Shandong,Jinan",17,31,6,8,73
sabersword,,,1,1,0,2,3
Edison6351,你大爷,中国 北京 朝阳,62,21,2,11,22
fyl1994,"Edison,Feng",HaiLaEr,7,31,7,26,35
stevenlfg,stevenLee,"Shanghai,China",25,1300,20,205,1
Enjay-wang,,,3,7,0,5,2
zhang-yuyan,,,1,1,2,1,2
hammedalao,Hammed Alao,Nigeria,6,1,0,2,5
luohuaDev,luohua,,7,443,4,65,5
Abefocuson,Abe,,5,7,0,12,4
charismafight,Lee,,17,7,1,6,167
yuyilei,许不语,WuHan,27,117,68,51,1142
yywecanwin,,,3,1,1,2,21
zzc-master,,,0,15,0,5,0
liucing,liucong,,11,83,5,50,14
wfsly,Jax Wang,,15,196,4,50,27
honeyflyfish,,ShenZhen,1000,1000,10,68,56
JeepLin,Jeep,China ShenZhen,15,63,8,30,13
wzhanjun,jun,,6,470,11,76,3
shawn44,,,3,9,0,5,16
chenruibin,ruibin,Beijing.China,10,10100,127,2200,0
zhanghqgit,,China,23,537,8,11,11
CinderellaCJ,,,26,67,7,12,40
jinhuizxc,,"shenzhen, China",450,424,27,366,831
lynch1989,,,4,343,6,66,1
OXOYO,葡萄干@吐鲁番,Beijing,83,968,36,73,338
tianruoliang,田若良,China ,3,84,6,42,24
changboter,changboter,,53,92,7,63,4
kcjian,库从建,,13,67,4,11,12
sunnyysky,李庆平,HeFei,1,1,0,2,2
Lalic,,,10,402,5,12,24
echogwu,Echo Wu,"San Francisco, CA, USA",11,0,3,2,42
codeterminator,zhukeyu,nanjing,6,5,3,9,6
huleg,huleg,,1700,2700,22,625,101
pullboy2016,nuth1n1997,nanning,4,12,0,7,4
platodray,,,1,0,0,2,3
ProgrammerAndHacker,Programmer And Hacker,USA,13100,1500,667,19600,102
cybort,,,458,482,9,113,101
straightAYiJun,WesonYi,,3,0,0,1,12
gauravsinha1arrah,Gaurav Kumar Sinha,Jalandhar,1,7,0,4,2
alkayoun,Alkayoun,,5,30,0,24,23
zzdespair,,,5,0,0,1,7
swzxsyh,,,1,0,0,2,1
497025126,MingRui.Hu,,2,7,0,3,7
look-for,,,0,5,0,29,0
hewenning,贺文宁,XI’AN,23,39,12,26,82
iMemento,王在京,China,15,80,9,30,6
SunWeiKeS,Weisun,,0,5,3,13,0
Oslomayor,,,11,3,1,4,76
wanghao778,,,0,0,0,1,1
brightLLer,brightLLer,,4,44,1,4,47
ghl116,尼古拉斯郭达,shanghai  china,25,35,1,15,27
TakeDumbbell,C_H_C,,1,0,0,1,7
bozhihouc,bozhihouci,,1,0,0,23,2
luozhuxiaoxiao,,,0,0,0,1,1
JinleiReborn,,,13,11,3,44,14
AsiaCoderLee,,,1,0,0,1,6
zsf214,,,6,31,0,5,23
snapsisy,kaiwang,"Nanjing,Jiangsu,China",10,169,17,213,41
ychda,ychda,,10,10,0,19,50
MrssiP,MrssiP,Barcelona,1,19,0,8,35
Tony-Chiong,,,7,160,6,42,8
Oscar-Pro,,,3,0,0,2,6
lufeisan,,,7,38,5,120,9
Fly-Zhang,,,1,1,0,1,2
AndySung,Andy,,2,31,1,9,1
Dyaln,,,0,0,0,1,1
JackHat,JackHat,,3,41,0,10,7
sxz1216,,,7,3,0,1,17
lDaisy847800926,,,11,27,0,1,20
zhangerbeng,,,2,0,0,4,5
ligb1023561601,Ligb,Beijing,18,1,1,2,93
0njzy0,njzy,"Anhui, China",68,267,16,37,264
KiaoKing,,,1,1,0,1,2
MrTheWhiteHat,Mr WhiteHat,,20,77,4,15,54
pjh520,,,16,338,0,7,2
zhaoxiaozhou,Joe.Zhao,HangZhou.China,2,0,0,3,14
ohownew,Yuan Zhong,,1,3,0,1,1
snowinglight,,,1,0,0,2,2
TianYuan1998,,,0,2,0,2,1
Merpyzf,wang ke,"YangZhou , China ",42,87,20,58,173
jiachongliu,jiachongliu,China,20,86,42,112,119
flyingpig789,,,3,36,0,8,6
AmosLee94,,,13,1,0,1,119
antarts,Antarts,China,40,144,9,36,353
googlerobot,废材,,2,470,26,136,1
nemo121,nmcapt,,1,6,0,2,1
Gentrio,Gentrio,"Hangzhou, CHINA",9,39,0,7,32
wangjiping55555,wangjiping,Beijing,37,119,6,47,49
daikaixian,water.dai,,24,139,4,15,31
KimiGao,Yang,,41,323,20,50,27
liqites,Tesla Lee,,50,1100,18,121,94
wsyue,,,1,0,0,1,4
Yerichen,,,2,0,0,1,4
z365892502,,,2,3,2,16,1
hooopo,Hooopo,"Beijing, China",98,1300,456,666,588
bigxigua,Running snail,,11,27,0,2,22
Ancodercff,Chenff,"Quanzhou,China",31,20,6,115,6
aermayue,aermayue,,43,26,1,2,24
wushenghang,,,0,18,0,2,1
Kearney66370,Kearney,,3,4,0,4,53
Jamboalv,Super_Heroines,China,3,0,0,7,12
imjerrybao,Jerry Bao,,3200,3200,32,431,127
ming2d941,charming,"BeiJing,China",6,1100,6,114,0
Sho0ouman,Mostafa Shouman,,6,77,5,40,67
Liuguozhu,Guozhu Liu,,16,44,3,9,26
Geassu,,,7,0,1,14,52
yoCruzer,yoCruzer,,241,6100,77,1700,13
myqq156001980,abel,,82,34,0,4,143
xhbcctv,,,1,1,0,1,2
Everglowzz,,,11,17,2,6,67
xiaocao008,,,2,7,0,5,2
JunyuZou,,,1,1,0,1,4
HarlanZhou,,,5,6,1,3,17
broadvieweditor,,,1,3,0,47,0
V-KING,Viking,,72,16,1,26,10
andy521,,,866,872,11,317,102
TIGERB,TIGERB,"Beijing,China",19,671,289,183,686
1995kkxl,,,1,0,0,1,2
personal-account-private,,,0,0,1,2,1
difoi,difoi,,230,1300,12,132,67
jinle94,Ffizz,中国,0,1,0,2,1
bestHAI,bestHAI,,1,3,0,12,3
blackAndrechen,,,9,4,0,2,65
LeungEr,,,7,5,3,21,38
d470969047h,戴晖,,21,57,18,16,102
GourdFans,zhang桌子,China,6,20,2,6,12
HelloWhist,,,6,9,0,6,10
sugarAndsugar,观剑不则声,China,10,45,7,5,0
ningbende,,,6,1,0,2,4
muyu0808,,,0,1,0,1,0
CheungChan,阿章,Beijing,12,93,9,63,200
JackLittlePig,Jack LittlePig,,19,45,1,21,46
WangXiaoyuoo,Wang Xiaoyu,China,2,7,1,1,6
LeoaY,leoay,"Hangzhou, Zhejiang",66,17,1,16,155
BarryWang2017,,,0,0,0,1,1
Joycc,,,17,11,0,2,3
xiaguliuxiang,侠骨留香,,15,41,1,30,19
Tric333,,,3,1,0,2,7
LuckyStar521,fuhao,,18,237,14,152,24
linyan19901001,MuMu,,6,3,0,4,11
LJ001,,,15,4100,65,1600,8
24suixinsuoyu,Michael Heisenberg,"Beijing, China",66,233,9,156,18
ArrowC,,,1,0,0,3,1
zhangmazi7357,,,3,65,2,15,2
Luckyncl,,,94,0,1,6,31
p18179156,,,0,0,0,1,1
yuxinuser,,北京海淀区,21,15,0,18,25
lucyios,lucy,杭州·滨江,20,142,9,59,65
LGang,李罡,,11,107,1,17,3
Shiori625,,,0,0,0,1,1
Andy0214,Andy0214,,37,2,0,29,38
wswMars,,,3,67,1,6,1
yll2wcf,于连林520wcf,天津,19,130,20,23,1151
hanx11,Han Feng,Shanghai China,37,199,7,66,71
ioljok1988,,,0,0,9,239,0
503945930,wei,chengdu,181,1800,69,158,471
Polaris-cn,Polaris,,9,9,0,1,4
13567370952,,,169,122,0,21,121
Cecil0o0,Cecil,,6,62,1,5,54
SherlockLHT,,,14,8,1,1,45
rennianqing,,,0,2,0,2,0
StephenYgz,StephenYang1218,"shanghai,China",51,0,3,15,56
pandancode,panda,,3,26,5,12,9
jackping,,,7,16,1,4,23
liujujun,,,5,5,0,1,0
lihonglinglory,Glory,China,14,19,2,42,19
viewpointJoin,viewpoint,,2,55,0,4,8
Lmerengues,ZY Ma,"Haidian District , Beijing",18,24,12,16,953
AlexOzz,,,1,2,0,1,2
w1327606,,,3,7,0,3,4
hyhlinux,tplinux,,294,190,13,96,165
yophson,Yu-F,,1,0,0,1,6
tianliuyang,sherry,,3,33,3,6,3
hustliweizeng,,,3,120,5,18,2
18311023368,开着拖拉机迎着春天的到来,,29,193,0,15,23
Terrywjx,,,22,17,0,5,30
yancymin,YancyMin,"Wuhan, China",9,90,10,97,42
songyue,songyue,,23,181,4,21,24
weimingtom,weimingtom,"Guangdong, China",2000,8600,151,1800,1987
disemboltura,,,12,21,0,14,48
google2013,,,1300,18,18,459,101
Edward-Shaw,肖宇,"Shanghai, China",79,326,17,47,212
qidou520,,,2,5,0,8,3
huangguangda,Mr_小达同学,,63,12,2,35,467
MaxLuan,Max LUAN,CUHK HK,11,159,4,11,12
Allen151,Allen,GuangGong  China,36,44,7,38,220
jukieq,,,1,1,1,3,2
chenshengzhi,陈圣治,"Xiamen, Fujian, China",45,1200,16,167,29
JustgoFlyme,,,18,24,0,3,2
Ericsongyl,天外来客1009,,30,153,9,21,31
kennethliu2008,,,0,0,0,1,1
hsy1992,郝思远,,5,166,2,6,7
liyuzhao,李玉召,Beijing,368,7,6,26,173
Wenyi1995,,,3,5,0,2,3
LiuJiuJie,,,0,9,1,7,1
Yamiku,,,4,80,1,5,35
LuciferDemon,NeoLee,,1,0,0,1,0
yang217,jack,shanghai,132,123,8,491,127
angellball,,,0,2,0,1,0
jyncode,,,3,7,5,16,19
Kylin2,,,9,47,1,5,8
MissCuriosity,MissCuriosity,,49,235,9,58,58
superburn,,,1,1,0,2,3
suilin1254703825,Lin Ye,beijing ，China,8,14,2,9,30
wangkaiwan,,Xi'an Shaanxi China,23,23,1,11,23
chenshiyuhit,Shiyu Chen,,36,2,3,7,3
Evinemz,,,0,3,0,5,0
Donglingang,,,3,0,0,2,2
Heisenberg710,,,3,0,0,2,3
humaozi00,,,5,39,2,39,3
yzl520,,,33,560,5,55,3
renfengmei,renfeng.mei,www.petkit.com,10,180,10,43,8
gunnergit,,,5,82,4,10,1317
SWUqywang,,,1,12,0,1,2
chenkexu,chenkexu,,21,331,3,75,110
tianguanghui,GreyWolf,,973,1000,18,229,120
duyehong,DuYeHong,"DongGuan, China",7,48,1,42,55
Doby2333,,,0,0,0,1,1
heishanmao,,,3,6,0,5,29
qintao0203,qintao,,0,0,0,6,1
stedey,,,0,4,0,7,4
int-elligentSam,Samuel Adole,"Abuja, Nigeria ",10,51,13,40,32
Migoo-LiWB,www.macxx.cn,China,14,39,6,37,11
ben1iu,Ben Liu,郑州,12,47,1,7,32
luan0ma,Alan,Eindhoven,5,0,1,15,2
sandydecision,,,2,2,0,6,4
vovolie,dealernomore,,25,105,8,32,10
hustlihaifeng,lihaifeng,Wuhan.China,16,1,1,13,3
Tomy-Lee,Jia Li,"Canton, Guangdong province, China",19,49,9,37,873
honpery,zhang.ky,"Beijing,China",36,1600,43,374,681
changyanchuan,Yanc,UniMelb,2,43,4,14,92
LinAndroid,,,5,117,3,14,6
phpmaple,KooFrank,ShangHai China,11,3400,97,284,14
YunLambert,GeekYUN,Chengdu,17,18,7,44,81
pyknife,,,127,4,1,23,107
yaoshanliang,iat,"Suzhou, China",91,278,29,65,247
zlby,Sammy Chou,China Wuhan,10,28,0,1,21
100101001,,,3,0,0,2,2
CoXier,JianxinLi,Beijing,17,284,80,59,372
nclight,gg,BJ,0,24,0,6,7
ryc3221775293,Yunzhao Wang,,1,1,0,1,4
dengbaoling,dengbaoling,,157,977,47,172,206
yihuihan,NeoHan,Shanghai,35,56,1,13,28
shilunzhang,张诗伦,,3,7,2,9,29
WinMin,swing,,29,45,36,16,152
Trijon1133,Jon Pritchard,"West Palm Beach, FL",1,0,2,84,3
SeanChen2012,,,28,156,1,13,20
yrzx404,忆蓉之心,"Chengdu, China",6,308,31,63,27
xieyufei1993,GeorgeJoe,,18,0,11,39,12
Cathon,Cathon,Shanghai,21,78,10,20,27
MirrorAzureZhang,,,0,2,0,1,1
YiwenXu,YiwenX,,2,17,1,10,73
superkevingit,Sky,NanChang,20,87,16,26,268
Freetaoyu,陶瑜,,4,0,2,2,13
njZhuMin,MIN ZHU,China,40,94,28,76,38
grlong,,,13,7,0,3,10
hi-noikiy,,,447,1,1,13,104
dingweihua,布丁,,26,62,1,19,38
Wonderful99668,,,11,10,1,5,48
anynew,anynew,,5,21,4,13,16
MrBigBang,Hyman Lee,,115,832,17,153,20
StephenHuge,Steve Hu,"Harbin, China",27,33,5,20,1036
chenyinchao,Yinchao Chen,,28,177,3,118,167
00why00,,,3,0,0,2,9
ErBingBing,,,11,5,0,5,35
ceqt333,,,1,0,0,1,2
leibnizi,leibnizi,shanghai,12,47,1,31,29
baifengbai,,,133,29,1,178,105
kingheshan,King,,28,176,14,38,52
skyformat99,skyformat99,Beijing,5100,121,71,2800,129
noyousjtu,,,9,0,0,1,6
michaeldong,dong,Beijing,55,254,5,22,47
MeiyouSunny,MeiyouSunny,China-ChengDu,192,22,4,7,43
gggggggggg1,,,0,1,0,2,1
ltyy,,Wu Han,25,696,4,54,29
larrof,,,6,0,0,1,4
Sun-Shuai,孙帅,TianJin,4,45,2,11,4
isidore-wong,,,1,16,2,1,6
jc91715,,,158,311,5,46,2101
heywrcoding,,,4,10,0,8,6
w23ta0,武涛,Beijing China,14,74,9,56,100
Sophie521,Unicorn,Chengdu,22,316,9,151,86
misakar,misakar,,51,2100,173,193,315
atomwangda,Wang Da,Harbin China,4,32,2,14,18
mengyingzh,Mengying Melissa,,4,3,1,4,25
LimberenceCheng,Limber Cheng,"Taipei City, Taiwan",99,232,34,97,322
Yannnnnnnnnnnn,,,32,38,5,29,170
elnx,,Universe,34,962,86,730,260
wulin76,,,0,2,1,8,3
Mrxu123,Mrxu123,guangdong.China,3,0,0,8,8
HarrYjagariya,Harendra Sharma,Banglore,0,0,0,17,1
qinchao2016,Qin朝,,5,6,0,2,134
adamsandwich,Adamsandwich,"Shanghai,China",8,80,8,15,152
guowangrumeng,xizhao.dai,hangzhou,3,0,1,3,9
CooSamuel,Qianshan,"Suzhou, Jiangsu",23,60,7,17,157
codesboy,Rehack,"Chengdu,China",63,17,10,26,326
Godyakho,m,,26,16,6,14,111
zacharylam,,,0,0,0,2,2
ptteng,java,,19,16,12,15,1874
littlefis,Yu Jianing,,5,5,2,5,6
biglygit,,,3,2,3,21,2
diaoxinqiang,,,17,204,5,11,0
sabk222,,,1,5,0,13,4
WastonSuen,waston,,3,16,0,3,43
jinyaocn,jinyao,,1,0,0,2,2
rockli0724,李林lilin,,28,9,1,15,26
chain0414,,,33,27,6,57,7
Xixi20160512,,,24,55,2,15,14
IssacYoung2013,Issac Young,HangZhou CN.,8,18,5,40,1
Yanzlllll,,,119,344,8,160,113
jker8,robin,"Camrose, AB",3,16,1,21,6
jaisankit,Ankit jais,"Mumbai, India",7,0,0,57,38
idreamshen,ChenHsingYu,Hangzhou,25,988,24,85,46
yueqianzhang,张 跃骞,"Dalian, China",137,1300,8,133,84
starlikerain,Evan Yann,Mainland China,27,26,6,28,184
Sailfishc,张成,BEIJING,113,196,18,185,111
swimmingwhale,Kuppo,,4,40,7,13,24
leolee5633,,,1,2,0,2,2
couth1212,string,,5,5,0,2,31
lxjack,jack liu,,3,0,0,2,32
dustyding,Xiao Peng,,2,2,4,6,3
CuteSephiroth,CuteSephiroth,,19,10,5,8,5
Ambuehl97,,,3,18,0,16,7
Easoncyx,,,3,13,0,4,1
xintaiideas,流量,china,58,97,7,170,53
stevenling,yunhu,,13,9,1,12,108
fishlegss,,,0,1,0,1,3
voitgxd,,,17,1,2,3,14
dongmiaomiao,,,2,0,3,5,4
zalax303,,,8,9,0,19,3
DylanYangwy,,,0,0,0,3,1
wendyltan,WendyLtanpcy,"China,Zhuhai",19,81,9,37,290
PerfectBlueFeynman,feynman,,7,129,1,40,13
bsaby,Mona Sun,Shanghai,5,7,3,1,212
stormstone,石头人m,成都,22,52,21,32,811
anzh1,安之,,3,26,1,50,2
riba2534,riba2534,,13,34,5,15,34
768927433,,,1,3,0,1,2
JerryChii,JC For Short,,34,31,8,17,36
qicunshang,,,4,5,1,3,36
myinxd,Jason Ma,"Shanghai, China",16,77,3,6,324
perishyu,,,0,0,1,2,0
michaelymzhang,,,1,2,0,1,0
leeight,Li YuBei,"Shanghai, China",170,1000,230,578,471
zhazhapan,潘滔,"Chengdu, Sichuan",15,90,2,14,262
EumenidesCarry,ECarry,"Fuzhou,China",14,2,0,7,116
ChiefTigger420,Omar Jenkins,Waynesville Missouri United States,0,0,0,6,4
qitianjin,qitianjin,北京,3,8,8,5,0
iVitan,ivitan,"Canton,China",11,9,0,28,135
isees,,,77,297,6,69,47
evi1j,,,1,17,0,9,0
jack118104,,,7,31,1,14,48
kifast,zxcvzxcvxzcvasdf,NORTH KOREA,23,108,7,42,9
thinkergithub,Timge,,10,0,1,5,11
Tanglong9344,,杭州,13,9,11,27,851
ayuchao,,,0,12,0,4,1
lovezp,梦想在路上,,2,8,0,3,0
aiaihouge,,,0,0,0,7,1
goodwell42,goodwell,,1,0,2,4,6
huangxiaoxie,,,14,47,0,11,16
ingShen,Mings,,14,6,1,10,29
Marysgithub,Mary,,10,3,0,7,164
xiaofan1991,,,7,0,0,10,0
micrologic,micrologic,"Hangzhou, China",196,1800,15,412,49
ChanZeZ,ChanZeZ,,1,1,0,93,2
AllenLXL,Xiaoliang Allen Li,Toronto,2,0,3,7,32
SauceZQ,Sauce,,12,61,2,5,22
wnpllrzodiac,Michael.Ma,shanghai,249,140,14,39,56
linkadd,Martin.J,,4,43,6,15,2
yaozheng1998,YZ,,2,51,13,40,148
Android-MI,小米`o,China TianJin,109,563,11,170,116
root0day,root0day,,1,21,1,3,44
xieys,xieys,Nanchang,10,25,2,7,20
blackreger,tlsilver,,2,3,0,1,5
KangZhiDong,康智冬,"Shanghai, China",118,564,28,259,82
VictorZan,,,1,3,0,5,0
AutuanLiu,AutuanLiu,"NanJing, China",26,573,36,444,479
maxixi13,maxiaoxiao,,1,1,0,1,2
easy4sec,easy4sec,,1,0,0,3,1
gobraves,,,19,462,11,89,32
ldw21cn,,,28,3,0,8,29
SamuelYG,SamYoung,,24,19,0,15,119
CynScm,,,30,9,1,37,55
EzimetYusup,EzimetYusup,"ChapelHill,NC",16,1300,52,671,1863
tryrus,,,40,1,0,4,367
wewan,Wei Wang,,14,17,2,11,206
lovelilei,lovelilei,,0,0,0,1,1
badboy3000,,,220,107,5,115,101
iipoter,ipoter,beijing,7,29,1,15,7
Qughaq,Jilil Rahmat,Shanghai China,9,7,0,12,2
Johnliny,,,0,6,0,4,1
wqer1019,土豆,安徽省淮南市,30,270,26,60,484
LiuQhahah,,,56,13,2,55,114
Liyndon,lee's,,110,1900,8,200,95
cwj-rogers,rogerFun,FoShan,3,56,4,26,4
wallbase,Wallbase Wallpapers,China Great Wall ,21,84,1,39,91
gyjyywc,gyjyywc,ShenZhen,6,23,4,8,35
TianshicHunting,王晓泽,,4,14,2,6,3
chenyuebo,Chen Yuebo,,11,42,13,25,15
moyasu,moyasu,,5,0,2,27,174
Qiuliuyang,Qiuliuyang,,11,2,4,12,40
kioyong,,,20,41,6,13,212
crufkasav,Cruf Kasav,,0,58,3,15,1
rfyiamcool,fengyun.rui,Beijing,118,915,760,209,669
AndLu,,,9,19,2,5,1
yewenhui,叶文辉,China FuJian Xiamen,24,22,9,119,9
363298861,,,3,0,0,2,13
CrazySzg,薛志强,广东工业大学,27,24,0,3,60
Lay-Ousana12,,,1,0,0,10,3
dhruveeldoshi,,,1,0,0,3,2
lingxingyizhi,haha,,5,0,0,1,14
Ciyfly,Recar,,6,181,3,78,14
JackZs,,,13,5,0,1,13
DingTianCheng,丁天成,,19,14,0,11,159
Akashic0,,,0,114,4,171,1
KongWiKi,,chengdu,32,24,0,13,107
tloyd,HeFan,,6,2,2,12,0
hakrtt,,,2,0,1,1,17
dkl520,dkl520,shenzhen,76,124,1,30,148
doingdd,Du Ying,,11,3,1,3,383
ducknessman,,,0,7,0,10,1
RNAvirus,bluesky,,2,0,0,8,18
SiQLuxe,Luxe,上海,11,193,7,67,23
liaozd,liaozd,Beijing,17,133,11,92,283
yizhilee,荔枝,,0,97,7,93,0
hughhugh,Nailong Wu ,中国 China,48,128,10,85,19
xianyunyh,闲云野鹤,,27,414,9,41,37
fanhuiren888,,,1,3,0,6,9
StarPxc,,,5,6,2,7,19
leisiji,,,14,44,1,85,71
wenxingxing,,,7,111,19,23,888
v5sollee,鲸吃瓜,HangZhou,9,16,5,20,248
DerekTso,Derek,,216,155,10,113,89
augustuslin,Yijun Lin,"Beijing, China",6,11,0,1,3
CranzCapatain,Cranz,,28,23,2,5,56
leeyuanhe,leeyuanhe,"Beijing,China",9,33,0,11,42
q15866188,,,22,1,0,83,5
zsluedem,will,,10,46,2,17,73
StormMaybin,一北,xi'an,47,119,39,48,380
zhangxiaoyang,zhangxiaoyang,Beijing,80,252,93,50,46
lx-eotk,,China,1,1,1,7,2
Annguwenen,Annguowenwen,,0,20,0,7,1
commodus,,,16,55,5,125,17
jiyiren,jiyiren,jiangsu suzhou,59,394,27,48,7
pythontrending,,,0,4800,208,2900,0
proteincraft,,,2,2,0,1,10
jimingye,Jiming Ye,New York,10,78,2,21,7
BurningNeverCry,,,7,0,2,2,26
zhangtianxiang,ZhangTianxiang,Shanghai China,8,7,9,8,15
hesling,hesling,,149,388,9,118,6
soukakei,,,2,4,0,2,11
zzxT,zzx,"China,Beijing",49,425,7,51,61
paobainsist,,,1,0,0,1,2
ZhangYangDev,张阳,ShenZhen,8,137,4,65,326
Tao-Chan,,,7,2,0,3,10
Cyberman-Dalek,,,1,1,0,4,0
foukation,,,257,247,6,33,101
201419,tree,SZU,5,23,1,7,36
Giotto110,,,1,0,0,1,5
daniellauyu,daniel lau,,6,18,0,2,16
melllllllllllll,MaErLe,China,7,59,1,3,6
linkcheng,linkcheng,Shanghai,11,135,4,21,33
Ping-linlin,Pinglin,,47,204,3,16,192
JaySun1314,,,7,96,10,15,7
gprj,roy,,5,108,2,6,5
liziwenzzzz,wa!,,7,95,5,47,58
Xuxudong166,,,1,1,1,9,11
cobain,Cobain,"Xi'an, China",26,57,32,94,21
binderclip,常伟佳,Beijing,22,145,96,27,345
carlos-wong,carlos,"china, shenzhen",93,89,15,12,14
Zijianlalala,Zijian Wu,Qingdao China,16,28,3,5,100
codyi96,Charley,,4,11,0,3,8
YouEzreal,,,0,0,0,3,1
lcf12307,lcf12307,,8,1,1,2,68
pythontalk,,,0,1,0,1,1
Starxyz,,,11,20,1,3,30
plebsX,,,10,0,2,1,16
PracNeyman,,,20,20,3,18,288
FilipposM,Filippos Mastrogiannis,"Athens, Greece",17,1800,119,686,7
yuanjingsong,,,10,17,3,17,110
Fly-Bird,李亚州,China,21,52,0,13,38
undersunshine1020,,,13,6,1,19,25
zhangjing9898,,,61,14,7,14,463
huangshuwei,Huang ShuWei,ShangHai China,27,341,51,91,564
chickenlove,Qthrones,,434,16,7,50,102
Bing-Du,,Everywhere Around The World,29,130,14,110,0
starrysoul,,,5,169,2,8,0
ChenGuangHN,,,5,6,0,3,17
Martin2877,Muhe,,13,9,4,84,55
loveshell,,,405,67,350,475,49
FredWe,F.,Beijing,39,213,51,320,108
StanSilas,Stan Silas(Vivek Mangipudi),"Dallas, TX",99,39,4,46,158
PengZiqiao,Peng Ziqiao,,27,44,2,1,136
wowlusitong,卢思侗,"Harbin, China",31,482,18,49,939
daoxunchen,Welthy,,19,29,1,8,12
